Datetime,Water Level (m)
2025-03-10 06:00:00,-0.114048906
2025-03-10 07:00:00,-0.07967741
2025-03-10 08:00:00,-0.07114666
2025-03-10 09:00:00,-0.10613888
2025-03-10 10:00:00,-0.1642971
2025-03-10 11:00:00,-0.21389058
2025-03-10 12:00:00,-0.25720784
2025-03-10 13:00:00,-0.3003507
2025-03-10 14:00:00,-0.34178504
2025-03-10 15:00:00,-0.3674186
2025-03-10 16:00:00,-0.3089697
2025-03-10 17:00:00,-0.20164357
2025-03-10 18:00:00,-0.10569551
2025-03-10 19:00:00,-0.02640135
2025-03-10 20:00:00,0.023047667
2025-03-10 21:00:00,0.011318632
2025-03-10 22:00:00,-0.054381892
2025-03-10 23:00:00,-0.11301292
2025-03-11 00:00:00,-0.15649417
2025-03-11 01:00:00,-0.20148419
2025-03-11 02:00:00,-0.24913886
2025-03-11 03:00:00,-0.29664806
2025-03-11 04:00:00,-0.33439735
2025-03-11 05:00:00,-0.2971628
2025-03-11 06:00:00,-0.20126353
2025-03-11 07:00:00,-0.12646998
2025-03-11 08:00:00,-0.07230284
2025-03-11 09:00:00,-0.05402768
2025-03-11 10:00:00,-0.09613161
2025-03-11 11:00:00,-0.16304289
2025-03-11 12:00:00,-0.21214463
2025-03-11 13:00:00,-0.25289005
2025-03-11 14:00:00,-0.2952191
2025-03-11 15:00:00,-0.33731282
2025-03-11 16:00:00,-0.35302156
2025-03-11 17:00:00,-0.26189
2025-03-11 18:00:00,-0.15049402
2025-03-11 19:00:00,-0.05319286
2025-03-11 20:00:00,0.02691643
2025-03-11 21:00:00,0.07212587
2025-03-11 22:00:00,0.04677215
2025-03-11 23:00:00,-0.02684907
2025-03-12 00:00:00,-0.08617685
2025-03-12 01:00:00,-0.13200957
2025-03-12 02:00:00,-0.17992009
2025-03-12 03:00:00,-0.2310501
2025-03-12 04:00:00,-0.28136545
2025-03-12 05:00:00,-0.30729264
2025-03-12 06:00:00,-0.21600771
2025-03-12 07:00:00,-0.10728657
2025-03-12 08:00:00,-0.025974492
2025-03-12 09:00:00,0.025687175
2025-03-12 10:00:00,0.02578165
2025-03-12 11:00:00,-0.0340204
2025-03-12 12:00:00,-0.09668395
2025-03-12 13:00:00,-0.1397768
2025-03-12 14:00:00,-0.18252827
2025-03-12 15:00:00,-0.22903693
2025-03-12 16:00:00,-0.2728373
2025-03-12 17:00:00,-0.26124302
2025-03-12 18:00:00,-0.13773829
2025-03-12 19:00:00,-0.016182592
2025-03-12 20:00:00,0.08893331
2025-03-12 21:00:00,0.16921537
2025-03-12 22:00:00,0.19289473
2025-03-12 23:00:00,0.12163015
2025-03-13 00:00:00,0.050493702
2025-03-13 01:00:00,0.0022009076
2025-03-13 02:00:00,-0.042784516
2025-03-13 03:00:00,-0.09448326
2025-03-13 04:00:00,-0.15089124
2025-03-13 05:00:00,-0.19836102
2025-03-13 06:00:00,-0.1491963
2025-03-13 07:00:00,-0.015804742
2025-03-13 08:00:00,0.08823241
2025-03-13 09:00:00,0.16483831
2025-03-13 10:00:00,0.19903354
2025-03-13 11:00:00,0.14770839
2025-03-13 12:00:00,0.07871387
2025-03-13 13:00:00,0.022610059
2025-03-13 14:00:00,-0.025828488
2025-03-13 15:00:00,-0.07671823
2025-03-13 16:00:00,-0.13278544
2025-03-13 17:00:00,-0.18034089
2025-03-13 18:00:00,-0.119024985
2025-03-13 19:00:00,0.025205607
2025-03-13 20:00:00,0.14681815
2025-03-13 21:00:00,0.24632502
2025-03-13 22:00:00,0.27854076
2025-03-13 23:00:00,0.25126693
2025-03-14 00:00:00,0.17804636
2025-03-14 01:00:00,0.11926051
2025-03-14 02:00:00,0.072445765
2025-03-14 03:00:00,0.023875548
2025-03-14 04:00:00,-0.030974599
2025-03-14 05:00:00,-0.08535296
2025-03-14 06:00:00,-0.107871644
2025-03-14 07:00:00,0.01210222
2025-03-14 08:00:00,0.13005078
2025-03-14 09:00:00,0.21693425
2025-03-14 10:00:00,0.26589414
2025-03-14 11:00:00,0.2555618
2025-03-14 12:00:00,0.18576589
2025-03-14 13:00:00,0.12020062
2025-03-14 14:00:00,0.07169628
2025-03-14 15:00:00,0.024236621
2025-03-14 16:00:00,-0.02917498
2025-03-14 17:00:00,-0.08247638
2025-03-14 18:00:00,-0.10157788
2025-03-14 19:00:00,0.01955343
2025-03-14 20:00:00,0.14754145
2025-03-14 21:00:00,0.2491265
2025-03-14 22:00:00,0.3141498
2025-03-14 23:00:00,0.2825094
2025-03-15 00:00:00,0.2427747
2025-03-15 01:00:00,0.18344827
2025-03-15 02:00:00,0.13074186
2025-03-15 03:00:00,0.08291536
2025-03-15 04:00:00,0.030356675
2025-03-15 05:00:00,-0.024291532
2025-03-15 06:00:00,-0.075342625
2025-03-15 07:00:00,-0.021068046
2025-03-15 08:00:00,0.11417527
2025-03-15 09:00:00,0.21958856
2025-03-15 10:00:00,0.28996462
2025-03-15 11:00:00,0.29054332
2025-03-15 12:00:00,0.25263515
2025-03-15 13:00:00,0.19159529
2025-03-15 14:00:00,0.13338214
2025-03-15 15:00:00,0.08609349
2025-03-15 16:00:00,0.03371742
2025-03-15 17:00:00,-0.020482844
2025-03-15 18:00:00,-0.0707839
2025-03-15 19:00:00,-0.016024236
2025-03-15 20:00:00,0.12091642
2025-03-15 21:00:00,0.22901678
2025-03-15 22:00:00,0.30382305
2025-03-15 23:00:00,0.29710197
2025-03-16 00:00:00,0.25959015
2025-03-16 01:00:00,0.2092875
2025-03-16 02:00:00,0.152245
2025-03-16 03:00:00,0.104413904
2025-03-16 04:00:00,0.05232087
2025-03-16 05:00:00,-0.002458521
2025-03-16 06:00:00,-0.058880445
